source,target,weight,sourceArea,sourceCategory,targetArea,targetCategory
582,510,4,1,3,1,0
582,1387,37,1,3,3,3
582,1777,28,1,3,4,5
582,2198,85,1,3,4,1
1345,510,1,3,0,1,0
1345,1387,1,3,0,3,3
1345,1777,1,3,0,4,5
1345,2198,1,3,0,4,1
1324,582,29,1,3,3,0
1324,1381,10,3,0,3,3
1324,1652,22,3,0,4,2
1324,1924,2,3,0,4,0
1745,582,1,1,3,4,2
1745,1381,1,4,2,3,3
1745,1652,1,4,2,4,2
1745,1924,1,4,2,4,0
582,12,4,1,3,0,2
582,1175,21,1,3,3,2
582,1374,29,1,3,3,3
1530,12,1,3,4,0,2
1530,1175,3,3,4,3,2
1530,1374,3,3,4,3,3
1530,1777,3,4,5,3,4
1530,2198,3,4,1,3,4
1324,1175,11,3,0,3,2
1324,1374,12,3,0,3,3
1324,1777,29,4,5,3,0
1324,2198,32,4,1,3,0
1421,1069,1,3,3,2,1
1421,1386,1,3,3,3,3
1421,1387,2,3,3,3,3
1421,2198,2,4,1,3,3
1453,1069,5,3,1,2,1
1453,1386,6,3,1,3,3
1453,1387,9,3,3,3,1
1453,2198,27,4,1,3,1
582,986,18,1,3,2,3
582,1505,2,1,3,3,1
1421,986,1,3,3,2,3
1421,1505,1,3,3,3,1
582,463,2,1,3,1,5
582,718,13,1,3,1,4
582,1068,33,1,3,2,1
582,1454,17,1,3,3,1
1393,463,1,3,3,1,5
1393,718,1,3,3,1,4
1393,1068,1,3,3,2,1
1393,1454,1,3,3,3,1
582,1270,9,1,3,3,5
582,1324,31,1,3,3,0
582,2049,6,1,3,4,3
1376,1270,1,3,3,3,5
1376,1324,1,3,0,3,3
1376,2049,1,3,3,4,3
1376,2198,1,4,1,3,3
582,1479,5,1,3,3,1
582,1516,24,1,3,3,4
582,2199,11,1,3,4,1
582,2209,27,1,3,4,1
1299,1479,1,3,0,3,1
1299,1516,1,3,0,3,4
1299,2199,1,3,0,4,1
1299,2209,1,3,0,4,1
634,582,3,1,3,1,3
634,1887,3,1,3,4,0
634,2198,3,4,1,1,3
634,2209,3,4,1,1,3
2199,582,28,1,3,4,1
2199,1887,4,4,1,4,0
2199,2198,28,4,1,4,1
2199,2209,17,4,1,4,1
634,1704,1,1,3,4,2
651,582,22,1,3,1,1
651,1704,3,1,1,4,2
651,1887,3,4,0,1,1
651,2198,23,4,1,1,1
651,2209,17,4,1,1,1
531,582,2,1,3,1,0
531,594,2,1,0,1,3
531,605,2,1,0,1,3
531,1214,1,1,0,3,2
1374,582,18,1,3,3,3
1374,594,10,3,3,1,3
1374,605,4,3,3,1,3
1374,1214,15,3,3,3,2
277,553,7,0,1,1,0
277,582,37,1,3,0,1
277,594,18,1,3,0,1
277,605,6,1,3,0,1
531,553,1,1,0,1,0
506,238,1,1,0,0,3
506,327,1,1,0,0,4
506,688,1,1,0,1,1
506,2199,1,4,1,1,0
582,238,4,1,3,0,3
582,327,19,1,3,0,4
582,688,11,1,3,1,1
2198,582,31,1,3,4,1
2198,1649,3,4,1,4,2
2198,1979,2,4,1,4,0
2198,2199,7,4,1,4,1
2229,582,1,1,3,4,1
2229,1649,1,4,1,4,2
2229,1979,1,4,1,4,0
2229,2199,1,4,1,4,1
1455,1381,11,3,3,3,1
1455,1777,16,4,5,3,1
1455,2198,26,4,1,3,1
1455,2201,3,3,1,4,1
2197,1381,2,3,3,4,1
2197,1777,2,4,5,4,1
2197,2198,2,4,1,4,1
2197,2201,1,4,1,4,1
2197,1544,1,4,1,4,2
2197,1831,1,4,1,4,5
2209,1381,11,3,3,4,1
2209,1544,2,4,1,4,2
2209,1777,34,4,5,4,1
2209,1831,2,4,1,4,5
2209,2198,55,4,1,4,1
1772,1887,1,4,0,4,5
1772,2198,1,4,1,4,5
1772,2209,1,4,1,4,5
1772,2333,1,4,5,4,4
2199,2333,2,4,1,4,4
582,1652,37,1,3,4,2
582,2041,6,1,3,4,3
1750,238,1,0,3,4,2
1750,1652,2,4,2,4,2
1750,2041,1,4,2,4,3
1750,2199,2,4,1,4,2
277,677,4,0,1,1,1
277,1652,13,4,2,0,1
277,2199,5,4,1,0,1
1750,582,1,1,3,4,2
1750,677,1,4,2,1,1
582,711,2,1,3,1,4
582,2060,3,1,3,4,3
1649,688,1,1,1,4,2
1649,711,1,4,2,1,4
1649,2060,1,4,2,4,3
1649,2198,1,4,1,4,2
1444,582,1,1,3,3,3
1444,1056,1,3,3,2,1
1444,1069,1,2,1,3,3
1444,1464,1,3,3,3,1
1453,582,24,1,3,3,1
1453,1056,4,3,1,2,1
1453,1464,4,3,1,3,1
582,912,19,1,3,2,0
582,1131,5,1,3,2,4
582,1455,12,1,3,3,1
1132,912,1,2,4,2,0
1132,1068,1,2,1,2,4
1132,1131,1,2,4,2,4
1132,1455,1,3,1,2,4
582,66,17,1,3,0,2
582,194,11,1,3,0,0
582,2217,9,1,3,4,1
724,66,1,1,4,0,2
724,194,1,1,4,0,0
724,2049,1,4,3,1,4
724,2217,1,1,4,4,1
692,1455,6,3,1,1,1
692,1516,7,3,4,1,1
692,1777,4,4,5,1,1
692,2198,8,4,1,1,1
1719,1455,3,3,1,4,2
1719,1516,3,3,4,4,2
1719,1777,3,4,5,4,2
1719,2198,3,4,1,4,2
692,1214,5,3,2,1,1
1453,1214,13,3,1,3,2
1453,1455,6,3,1,3,1
1453,1516,10,3,1,3,4
582,1214,20,1,3,3,2
692,1299,1,3,0,1,1
1411,1299,3,3,0,3,3
1411,1455,5,3,1,3,3
1411,1777,20,4,5,3,3
1411,2198,27,4,1,3,3
692,1454,3,3,1,1,1
1374,1454,8,3,3,3,1
1374,1516,9,3,3,3,4
1374,2198,16,4,1,3,3
130,111,8,0,0,0,5
130,201,8,0,0,0,3
130,216,4,0,0,0,3
130,1670,2,0,0,4,2
565,111,1,1,0,0,5
565,201,1,1,0,0,3
565,216,1,1,0,0,3
565,1670,1,1,0,4,2
277,130,11,0,1,0,0
277,517,4,0,1,1,0
505,130,1,0,0,1,0
505,517,1,1,0,1,0
505,582,1,1,3,1,0
505,594,1,1,3,1,0
497,582,1,1,3,1,5
497,1324,1,3,0,1,5
497,1454,1,3,1,1,5
497,2198,1,4,1,1,5
1374,1324,11,3,0,3,3
277,656,3,0,1,1,1
277,2380,3,0,1,4,4
494,594,1,1,3,1,5
494,656,1,1,5,1,1
494,1652,1,4,2,1,5
494,2380,1,1,5,4,4
233,300,2,0,3,0,1
233,651,2,1,1,0,3
233,976,1,0,3,2,3
233,1068,2,2,1,0,3
975,300,7,2,3,0,1
975,651,7,1,1,2,3
975,976,2,2,3,2,3
975,1068,15,2,1,2,3
233,66,1,0,2,0,3
582,300,8,1,3,0,1
582,651,16,1,3,1,1
1652,582,25,1,3,4,2
1652,585,7,4,2,1,3
1652,677,5,4,2,1,1
1652,2068,6,4,2,4,3
2228,582,1,1,3,4,1
2228,585,1,4,1,1,3
2228,677,1,1,1,4,1
2228,2068,1,4,1,4,3
651,975,6,1,1,2,3
651,2217,3,1,1,4,1
651,2344,1,1,1,4,4
2211,582,1,1,3,4,1
2211,975,2,2,3,4,1
2211,2217,2,4,1,4,1
2211,2344,1,4,1,4,4
582,526,1,1,3,1,0
582,975,29,1,3,2,3
2211,526,1,4,1,1,0
2211,1387,1,3,3,4,1
582,2042,2,1,3,4,3
2067,651,1,1,1,4,3
2067,986,1,2,3,4,3
2067,2042,1,4,3,4,3
2067,2198,1,4,1,4,3
2042,430,1,4,3,1,2
2042,2141,1,4,3,4,3
2042,2199,1,4,1,4,3
2042,2209,2,4,1,4,3
2198,430,5,4,1,1,2
2198,2141,2,4,1,4,3
2198,2209,16,4,1,4,1
585,1660,1,1,3,4,2
585,1777,10,4,5,1,3
585,2196,3,1,3,4,1
585,2209,9,4,1,1,3
2042,1660,1,4,3,4,2
2042,1777,1,4,5,4,3
2042,2196,1,4,3,4,1
656,327,9,0,4,1,1
656,1068,8,2,1,1,1
656,1670,3,4,2,1,1
656,2198,11,4,1,1,1
1688,327,2,0,4,4,2
1688,1068,2,2,1,4,2
1688,1670,1,4,2,4,2
1688,2198,2,4,1,4,2
582,2068,4,1,3,4,3
1688,718,1,1,4,4,2
1688,2068,1,4,3,4,2
1386,582,3,1,3,3,3
1386,826,3,3,3,2,2
1386,1214,3,3,3,3,2
1386,1387,3,3,3,3,3
2209,582,60,1,3,4,1
2209,826,4,4,1,2,2
2209,1214,19,4,1,3,2
2209,1387,21,3,3,4,1
1453,826,7,3,1,2,2
582,200,13,1,3,0,3
582,435,2,1,3,1,2
1341,200,1,3,0,0,3
1341,435,1,3,0,1,2
1341,1214,1,3,2,3,0
1341,1387,1,3,3,3,0
1341,1454,1,3,1,3,0
1341,1479,1,3,1,3,0
1292,826,1,2,2,3,5
1292,970,1,3,5,2,3
1292,1381,1,3,3,3,5
1292,1516,1,3,4,3,5
1453,970,2,3,1,2,3
1453,1381,7,3,3,3,1
1006,12,1,0,2,2,3
1006,975,1,2,3,2,3
1006,1387,1,3,3,2,3
1006,2199,1,4,1,2,3
277,111,6,0,1,0,5
277,2086,1,0,1,4,3
277,2198,28,4,1,0,1
695,111,1,0,5,1,1
695,130,1,0,0,1,1
695,2086,1,1,1,4,3
695,2198,1,4,1,1,1
678,582,2,1,3,1,1
678,585,2,1,3,1,1
678,680,2,1,1,1,1
678,1068,1,2,1,1,1
688,582,14,1,3,1,1
688,585,4,1,1,1,3
688,680,3,1,1,1,1
688,1068,8,2,1,1,1
678,84,1,1,1,0,5
678,2068,1,4,3,1,1
1652,84,2,4,2,0,5
1652,680,6,4,2,1,1
216,66,5,0,2,0,3
216,130,8,0,0,0,3
216,277,9,0,1,0,3
216,582,17,1,3,0,3
535,66,1,0,2,1,0
535,130,1,0,0,1,0
535,277,1,0,1,1,0
535,582,1,1,3,1,0
288,327,1,0,4,0,1
288,718,1,1,4,0,1
288,975,1,2,3,0,1
288,1516,1,3,4,0,1
2198,194,6,4,1,0,0
2198,552,5,4,1,1,0
2198,1068,11,4,1,2,1
2198,1516,13,4,1,3,4
2210,194,1,0,0,4,1
2210,552,1,4,1,1,0
2210,582,1,1,3,4,1
2210,1068,1,2,1,4,1
2210,1516,1,3,4,4,1
2210,1649,1,4,2,4,1
2210,2141,1,4,3,4,1
1411,582,21,1,3,3,3
1411,1324,8,3,0,3,3
1411,1652,23,4,2,3,3
1411,2050,6,3,3,4,3
2146,582,2,1,3,4,3
2146,1324,2,3,0,4,3
2146,1652,2,4,2,4,3
2146,2050,1,4,3,4,3
2146,549,1,4,3,1,0
2146,1283,1,4,3,3,5
2209,549,4,4,1,1,0
2209,1283,2,4,1,3,5
2209,1324,23,3,0,4,1
2209,1652,33,4,2,4,1
585,582,17,1,3,1,3
585,1898,1,1,3,4,0
585,2352,1,1,3,4,4
1930,582,1,1,3,4,0
1930,1898,1,4,0,4,0
1930,2209,1,4,1,4,0
1930,2352,1,4,0,4,4
1771,430,2,1,2,4,5
1771,552,3,1,0,4,5
1771,582,3,1,3,4,5
1771,1214,2,3,2,4,5
2198,1214,15,4,1,3,2
1771,0,2,4,5,0,2
1961,0,2,4,0,0,2
1961,552,2,1,0,4,0
1961,582,7,1,3,4,0
1961,1214,5,3,2,4,0
1464,0,4,3,1,0,2
1464,430,2,3,1,1,2
1464,552,2,3,1,1,0
1464,582,7,1,3,3,1
1652,549,5,4,2,1,0
1652,1577,2,4,2,4,2
1652,2126,3,4,2,4,3
1670,549,1,4,2,1,0
1670,582,1,1,3,4,2
1670,1577,1,4,2,4,2
1670,2068,1,4,2,4,3
1670,2126,1,4,2,4,3
582,346,21,1,3,0,4
582,999,6,1,3,2,3
1296,12,1,0,2,3,0
1296,346,1,3,0,0,4
1296,999,1,3,0,2,3
1296,1516,1,3,4,3,0
1296,2198,1,4,1,3,0
944,582,2,1,3,2,0
944,975,2,2,3,2,0
944,1474,2,2,0,3,1
944,1670,1,4,2,2,0
1777,582,15,1,3,4,5
1777,975,13,4,5,2,3
1777,1474,2,4,5,3,1
1777,1670,2,4,5,4,2
525,327,2,0,4,1,0
525,582,3,1,3,1,0
525,975,4,2,3,1,0
525,1474,2,3,1,1,0
944,327,1,0,4,2,0
680,200,2,0,3,1,1
680,582,1,1,3,1,1
680,975,2,2,3,1,1
680,1652,2,4,2,1,1
718,200,5,1,4,0,3
718,582,13,1,3,1,4
718,975,6,1,4,2,3
718,1652,8,4,2,1,4
582,687,1,1,3,1,1
680,651,1,1,1,1,1
680,687,1,1,1,1,1
582,1341,5,1,3,3,0
582,1763,20,1,3,4,2
653,718,1,1,4,1,1
653,1324,3,3,0,1,1
653,1341,1,3,0,1,1
653,1374,3,3,3,1,1
653,1652,3,4,2,1,1
653,1763,3,1,1,4,2
653,2217,1,4,1,1,1
1516,1324,16,3,0,3,4
1516,1374,17,3,3,3,4
1516,1652,23,4,2,3,4
1516,1763,14,3,4,4,2
66,43,2,0,2,0,2
66,216,4,0,2,0,3
66,401,1,0,2,1,2
66,585,4,0,2,1,3
626,43,1,1,3,0,2
626,216,1,0,3,1,3
626,401,1,1,3,1,2
626,585,1,1,3,1,3
99,139,1,0,5,0,0
99,200,1,0,3,0,5
99,605,1,1,3,0,5
99,986,1,2,3,0,5
976,139,3,2,3,0,0
976,200,3,2,3,0,3
976,605,2,1,3,2,3
976,986,3,2,3,2,3
43,111,1,0,5,0,2
43,216,1,0,3,0,2
43,594,1,1,3,0,2
43,1763,1,4,2,0,2
277,216,9,0,1,0,3
277,1763,13,0,1,4,2
1455,582,25,1,3,3,1
1455,1214,10,3,2,3,1
1455,2085,5,3,1,4,3
2332,582,6,1,3,4,4
2332,1214,8,3,2,4,4
2332,2085,5,4,4,4,3
2332,2198,8,4,1,4,4
2209,2085,6,4,1,4,3
2332,1464,1,3,1,4,4
2332,1324,5,3,0,4,4
582,2085,6,1,3,4,3
2332,2060,1,4,3,4,4
2209,2160,2,4,1,4,3
2332,2160,1,4,4,4,3
555,130,2,0,0,1,0
555,208,2,1,0,0,3
555,510,2,1,0,1,0
555,1889,1,1,0,4,0
1777,130,4,4,5,0,0
1777,208,3,4,5,0,3
1777,510,2,1,0,4,5
1777,1889,2,4,5,4,0
277,208,4,0,1,0,3
277,2209,14,4,1,0,1
555,1652,2,4,2,1,0
555,2209,2,4,1,1,0
555,651,1,1,1,1,0
555,1961,1,4,0,1,0
582,1961,7,1,3,4,0
495,582,8,1,3,1,5
495,975,7,2,3,1,5
495,1454,6,3,1,1,5
495,2198,8,4,1,1,5
525,1454,3,3,1,1,0
525,2198,2,4,1,1,0
525,1298,1,1,0,3,0
1777,1298,2,4,5,3,0
1777,1454,9,4,5,3,1
525,12,1,0,2,1,0
517,1324,9,3,0,1,0
517,1387,11,3,3,1,0
517,1652,13,4,2,1,0
517,2198,13,4,1,1,0
517,2050,3,1,0,4,3
582,2050,10,1,3,4,3
517,1374,7,3,3,1,0
552,1374,15,3,3,1,0
552,1387,15,3,3,1,0
552,1652,30,4,2,1,0
552,2198,36,4,1,1,0
1516,1387,22,3,3,3,4
1516,2198,40,4,1,3,4
517,1454,1,3,1,1,0
512,130,1,0,0,1,0
512,567,1,1,0,1,0
512,585,1,1,3,1,0
512,986,1,2,3,1,0
1652,130,8,4,2,0,0
1652,567,2,4,2,1,0
1652,986,5,4,2,2,3
430,300,1,0,1,1,2
430,1175,1,3,2,1,2
430,1324,1,3,0,1,2
430,1454,1,3,1,1,2
430,2198,1,4,1,1,2
412,139,3,0,0,1,2
412,194,3,0,0,1,2
412,594,3,1,3,1,2
412,718,3,1,4,1,2
582,139,8,1,3,0,0
582,594,20,1,3,1,3
277,139,10,0,1,0,0
277,194,8,0,1,0,0
277,718,6,1,4,0,1
277,2201,2,0,1,4,1
412,216,1,0,3,1,2
412,2201,1,4,1,1,2
360,66,1,0,2,1,2
360,401,1,1,2,1,2
360,1068,1,2,1,1,2
360,2239,1,1,2,4,1
594,66,9,1,3,0,2
594,401,3,1,3,1,2
594,1068,9,2,1,1,3
594,2239,1,1,3,4,1
300,277,2,0,1,0,1
300,605,1,1,3,0,1
300,975,2,2,3,0,1
300,1387,2,3,3,0,1
604,277,7,0,1,1,3
604,605,3,1,3,1,3
604,975,4,2,3,1,3
604,1387,8,3,3,1,3
300,200,1,0,1,0,3
582,277,18,1,3,0,1
54,151,1,0,2,0,0
54,204,1,0,2,0,3
54,656,1,1,1,0,2
54,718,1,1,4,0,2
2049,151,2,4,3,0,0
2049,204,2,4,3,0,3
2049,656,2,4,3,1,1
2049,718,2,1,4,4,3
2199,1772,2,4,1,4,5
2199,2051,1,4,1,4,3
2390,582,6,1,3,4,4
2390,1772,2,4,5,4,4
2390,2051,1,4,4,4,3
2390,2198,6,4,1,4,4
1453,594,7,3,1,1,3
2390,594,5,1,3,4,4
2390,1464,1,3,1,4,4
1374,1770,4,3,3,4,5
2390,1770,1,4,4,4,5
277,680,8,0,1,1,1
2390,680,3,1,1,4,4
651,594,9,1,1,1,3
651,680,6,1,1,1,1
651,1772,2,1,1,4,5
1517,582,8,1,3,3,4
1517,1175,5,3,2,3,4
1517,1374,6,3,3,3,4
1517,2198,8,4,1,3,4
1058,582,3,1,3,2,1
1058,802,1,2,1,2,2
1058,976,1,2,3,2,1
1058,2198,4,4,1,2,1
1517,802,1,3,4,2,2
1517,976,1,2,3,3,4
688,1208,6,1,1,3,2
688,1374,10,3,3,1,1
1517,1068,5,2,1,3,4
1517,1208,6,3,4,3,2
651,1175,11,3,2,1,1
651,1386,4,3,3,1,1
1517,1386,3,3,3,3,4
1453,1175,14,3,2,3,1
1453,1208,3,3,1,3,2
605,582,27,1,3,1,3
605,1068,13,2,1,1,3
605,1208,7,1,3,3,2
605,1374,14,3,3,1,3
605,2198,25,4,1,1,3
582,1208,8,1,3,3,2
582,1477,1,1,3,3,1
1517,1477,1,3,4,3,1
1388,327,1,0,4,3,3
1388,346,1,0,4,3,3
1388,1381,1,3,3,3,3
1388,2160,1,4,3,3,3
2209,327,11,4,1,0,4
2209,346,16,4,1,0,4
582,1517,6,1,3,3,4
1271,277,1,0,1,3,5
1271,651,1,1,1,3,5
1271,1517,1,3,4,3,5
1271,2198,1,4,1,3,5
1246,582,2,1,3,3,5
1246,651,2,1,1,3,5
1246,1175,1,3,2,3,5
1246,1299,1,3,0,3,5
2199,651,6,4,1,1,1
2199,1175,14,3,2,4,1
2199,1299,7,3,0,4,1
975,582,21,1,3,2,3
975,986,9,2,3,2,3
975,1307,3,2,3,3,0
1246,986,1,2,3,3,5
1246,1307,1,3,5,3,0
1058,1299,2,3,0,2,1
1058,1516,3,3,4,2,1
2199,1516,8,3,4,4,1
1058,1056,2,2,1,2,1
1175,1056,2,3,2,2,1
1175,1299,2,3,2,3,0
1175,1516,2,3,2,3,4
1175,2198,3,4,1,3,2
1058,983,1,2,1,2,3
1453,983,1,3,1,2,3
582,1540,1,1,3,3,4
983,594,7,1,3,2,3
983,975,7,2,3,2,3
983,986,7,2,3,2,3
983,1068,7,2,1,2,3
983,1131,1,2,4,2,3
983,1540,1,2,3,3,4
983,2198,1,4,1,2,3
1777,594,13,4,5,1,3
1777,986,11,4,5,2,3
1777,1068,13,4,5,2,1
151,594,8,1,3,0,0
151,975,8,2,3,0,0
151,986,10,2,3,0,0
151,1068,11,2,1,0,0
610,199,2,1,3,0,3
610,582,5,1,3,1,3
610,912,4,2,0,1,3
610,1411,1,3,3,1,3
2198,199,3,4,1,0,3
2198,912,11,4,1,2,0
2198,1411,5,4,1,3,3
216,111,6,0,5,0,3
216,199,2,0,3,0,3
610,111,4,0,5,1,3
610,277,4,0,1,1,3
142,111,4,0,5,0,0
142,277,4,0,1,0,0
142,582,5,1,3,0,0
142,912,4,2,0,0,0
130,277,9,0,1,0,0
130,582,12,1,3,0,0
130,912,7,2,0,0,0
543,327,1,0,4,1,0
543,476,2,1,0,1,5
543,582,2,1,3,1,0
543,723,1,1,0,1,4
2209,476,3,4,1,1,5
2209,723,1,4,1,1,4
543,2068,1,4,3,1,0
543,2216,1,1,0,4,1
585,476,3,1,3,1,5
585,2068,3,1,3,4,3
585,2216,1,1,3,4,1
142,830,1,0,0,2,2
142,2198,2,4,1,0,0
2065,582,5,1,3,4,3
2065,830,1,4,3,2,2
2065,912,2,2,0,4,3
2065,2198,4,4,1,4,3
142,581,1,0,0,1,0
200,111,6,0,5,0,3
200,277,14,0,1,0,3
200,581,1,0,3,1,0
200,582,21,1,3,0,3
200,2198,12,4,1,0,3
1652,2043,2,4,2,4,3
2126,582,1,1,3,4,3
2126,677,1,1,1,4,3
2126,2043,1,4,3,4,3
2126,2068,1,4,3,4,3
1298,1175,4,3,2,3,0
1298,1299,2,3,0,3,0
1298,1345,1,3,0,3,0
1298,2198,4,4,1,3,0
2199,1345,1,3,0,4,1
1298,1777,2,4,5,3,0
1298,1924,1,4,0,3,0
1298,1067,1,3,0,2,1
1298,1270,2,3,5,3,0
1516,1067,4,3,4,2,1
1516,1175,13,3,2,3,4
1516,1270,7,3,5,3,4
1516,1299,7,3,0,3,4
582,1216,1,1,3,3,2
1298,1068,1,2,1,3,0
1298,1216,1,3,0,3,2
1175,1494,1,3,2,3,1
1516,1056,4,3,4,2,1
1516,1494,2,3,4,3,1
582,641,2,1,3,1,3
582,1411,6,1,3,3,3
1175,641,1,3,2,1,3
1175,1411,1,3,2,3,3
970,582,1,1,3,2,3
970,785,1,2,3,2,2
970,971,1,2,3,2,3
970,1073,1,2,3,2,1
970,1307,1,2,3,3,0
1069,582,3,1,3,2,1
1069,785,1,2,1,2,2
1069,971,1,2,1,2,3
1069,1073,1,2,1,2,1
1069,1307,1,2,1,3,0
912,327,1,0,4,2,0
912,999,1,2,0,2,3
912,1516,1,3,4,2,0
912,2198,1,4,1,2,0
272,200,1,0,3,0,1
272,346,1,0,4,0,1
272,1516,1,3,4,0,1
272,2198,1,4,1,0,1
208,140,1,0,3,0,0
208,582,3,1,3,0,3
208,1129,2,0,3,2,4
208,1763,2,4,2,0,3
975,140,1,2,3,0,0
975,1129,2,2,3,2,4
975,1763,15,2,3,4,2
208,165,2,0,3,0,0
327,165,3,0,4,0,0
327,582,10,1,3,0,4
327,1129,2,0,4,2,4
327,1763,6,0,4,4,2
208,130,1,0,0,0,3
208,151,1,0,3,0,0
216,151,3,0,3,0,0
216,165,3,0,3,0,0
582,1808,8,1,3,4,5
2075,651,1,1,1,4,3
2075,1808,1,4,3,4,5
2075,2068,1,4,3,4,3
2075,2209,1,4,1,4,3
1652,2311,1,4,2,4,1
1888,130,1,0,0,4,0
1888,582,1,1,3,4,0
1888,1577,1,4,2,4,0
1888,2311,1,4,0,4,1
1719,975,1,4,2,2,3
1389,582,2,1,3,3,3
1389,912,2,2,0,3,3
1389,1283,1,3,5,3,3
1389,1544,1,4,2,3,3
2209,912,9,4,1,2,0
1069,912,3,2,1,2,0
1069,1198,1,2,1,3,2
1069,1516,3,2,1,3,4
1389,1198,1,3,3,3,2
1389,1516,1,3,4,3,3
1270,346,1,3,5,0,4
1270,688,1,3,5,1,1
1270,975,1,3,5,2,3
1270,1341,1,3,5,3,0
1270,1374,1,3,3,3,5
604,401,2,1,2,1,3
604,582,10,1,3,1,3
604,2209,7,4,1,1,3
2263,277,3,0,1,4,1
2263,401,2,1,2,4,1
2263,582,3,1,3,4,1
2263,2209,3,4,1,4,1
594,277,11,1,3,0,1
594,582,23,1,3,1,3
594,2228,3,1,3,4,1
2263,2228,2,4,1,4,1
585,2049,4,4,3,1,3
585,2050,5,1,3,4,3
585,2228,3,4,1,1,3
2263,2049,2,4,3,4,1
2263,2050,2,4,3,4,1
2263,718,1,1,4,4,1
2263,1454,1,3,1,4,1
2051,507,1,4,3,1,0
2051,582,1,1,3,4,3
2051,1783,1,4,3,4,5
2051,1808,1,4,3,4,5
2051,1831,1,4,5,4,3
2051,2042,1,4,3,4,3
2209,507,5,4,1,1,0
2209,1783,1,4,1,4,5
2209,1808,6,4,1,4,5
2209,2042,2,4,1,4,3
1067,327,1,0,4,2,1
1067,594,1,1,3,2,1
1067,975,1,2,3,2,1
1067,2199,1,4,1,2,1
984,430,1,1,2,2,3
984,1068,2,2,1,2,3
984,1464,1,3,1,2,3
984,1473,1,2,3,3,1
1387,430,1,3,3,1,2
1387,1068,3,3,3,2,1
1387,1464,2,3,3,3,1
1387,1473,1,3,3,3,1
582,945,1,1,3,2,0
582,1201,2,1,3,3,2
984,718,1,1,4,2,3
984,945,1,2,3,2,0
984,1201,1,2,3,3,2
552,582,28,1,3,1,0
552,1777,27,4,5,1,0
688,1652,7,4,2,1,1
688,1777,10,4,5,1,1
552,277,11,0,1,1,0
604,1374,6,3,3,1,3
552,130,3,0,0,1,0
200,130,8,0,0,0,3
111,130,6,0,0,0,5
111,277,5,0,1,0,5
111,582,6,1,3,0,5
111,688,2,1,1,0,5
552,688,4,1,1,1,0
552,1453,4,3,1,1,0
1516,1453,7,3,1,3,4
2217,582,24,1,3,4,1
2217,1652,22,4,2,4,1
2217,1777,22,4,5,4,1
2217,2198,27,4,1,4,1
605,1777,16,4,5,1,3
552,689,1,1,0,1,1
718,277,5,1,4,0,1
718,689,2,1,4,1,1
718,2198,12,4,1,1,4
552,1771,3,1,0,4,5
594,1387,11,3,3,1,3
594,1771,4,1,3,4,5
594,2198,16,4,1,1,3
2217,688,4,1,1,4,1
2217,1387,13,3,3,4,1
552,1174,1,1,0,3,2
1455,277,5,0,1,3,1
1455,1174,1,3,1,3,2
1455,1453,5,3,1,3,1
605,277,13,1,3,0,1
605,1453,6,3,1,1,3
605,1771,3,1,3,4,5
495,2050,3,4,3,1,5
2199,975,8,4,1,2,3
2199,2050,5,4,1,4,3
495,130,5,0,0,1,5
495,709,1,1,5,1,1
1652,709,3,4,2,1,1
1652,1454,5,4,2,3,1
495,594,6,1,3,1,5
200,2050,3,0,3,4,3
44,130,1,0,0,0,2
44,975,4,2,3,0,2
44,1479,2,3,1,0,2
44,2198,4,4,1,0,2
495,1479,2,3,1,1,5
277,2185,2,0,1,4,3
495,2185,2,1,5,4,3
495,2041,3,4,3,1,5
1777,2041,3,4,5,4,3
582,2185,2,1,3,4,3
165,199,1,0,3,0,0
165,346,2,0,4,0,0
165,1324,2,3,0,0,0
165,1763,2,4,2,0,0
2198,346,15,4,1,0,4
2198,1324,16,4,1,3,0
2198,1763,11,4,1,4,2
165,200,1,0,3,0,0
165,975,1,2,3,0,0
165,1479,1,3,1,0,0
1381,430,1,3,3,1,2
1381,912,2,3,3,2,0
1381,1175,2,3,3,3,2
1381,1516,2,3,3,3,4
2198,1175,12,4,1,3,2
1381,1374,1,3,3,3,3
1324,430,1,3,0,1,2
1324,1770,2,3,0,4,5
2198,1770,4,4,1,4,5
1324,2067,2,3,0,4,3
1516,2067,2,3,4,4,3
1455,1175,8,3,2,3,1
605,1381,8,3,3,1,3
1324,1195,1,3,0,3,2
1453,1195,1,3,1,3,2
1324,1131,1,3,0,2,4
2209,1770,4,4,1,4,5
2209,2067,3,4,1,4,3
507,474,1,1,0,1,5
507,1882,1,1,0,4,0
507,2198,1,4,1,1,0
507,2340,1,1,0,4,4
585,474,1,1,3,1,5
585,1882,2,1,3,4,0
585,2198,13,4,1,1,3
585,2340,1,1,3,4,4
56,200,1,0,3,0,2
56,327,2,0,4,0,2
56,718,1,1,4,0,2
56,2207,2,0,2,4,1
582,2207,4,1,3,4,1
56,151,1,0,0,0,2
56,199,1,0,3,0,2
56,201,2,0,3,0,2
56,278,2,0,2,0,1
216,201,7,0,3,0,3
216,278,2,0,3,0,1
130,278,2,0,0,0,1
130,327,7,0,4,0,0
130,2207,3,0,0,4,1
2199,66,8,4,1,0,2
2217,66,8,0,2,4,1
2217,2209,10,4,1,4,1
2198,1387,11,3,3,4,1
2198,1517,2,4,1,3,4
2217,1517,2,4,1,3,4
1652,66,7,4,2,0,2
1652,1777,6,4,5,4,2
1652,1808,5,4,2,4,5
2217,1808,6,4,1,4,5
2217,2043,1,4,1,4,3
651,688,3,1,1,1,1
651,1719,4,1,1,4,2
2217,1719,2,4,1,4,2
604,66,11,0,2,1,3
604,1808,4,1,3,4,5
585,507,4,1,3,1,0
2217,507,3,4,1,1,0
1516,66,10,3,4,0,2
1516,1719,4,3,4,4,2
1516,2209,19,3,4,4,1
1056,836,1,2,1,2,2
1056,1299,1,3,0,2,1
1056,1324,2,3,0,2,1
1056,1453,1,3,1,2,1
1516,836,1,3,4,2,2
582,495,2,1,3,1,5
582,653,4,1,3,1,1
1056,495,1,2,1,1,5
1056,653,1,2,1,1,1
1056,912,1,2,1,2,0
1056,1068,1,2,1,2,1
401,476,2,1,2,1,5
401,507,2,1,2,1,0
401,582,3,1,3,1,2
401,677,2,1,1,1,2
2209,677,4,4,1,1,1
401,447,1,1,2,1,2
401,2049,2,4,3,1,2
2068,447,1,4,3,1,2
2068,582,5,1,3,4,3
2068,677,4,1,1,4,3
2068,2049,3,4,3,4,3
401,600,1,1,2,1,3
585,600,1,1,3,1,3
204,159,1,0,3,0,0
204,300,2,0,1,0,3
204,327,3,0,4,0,3
204,604,1,1,3,0,3
975,159,1,2,3,0,0
975,327,10,0,4,2,3
975,604,2,2,3,1,3
130,54,2,0,0,0,2
130,233,3,0,0,0,3
204,54,1,0,2,0,3
204,233,1,0,3,0,3
204,912,2,2,0,0,3
204,39,1,0,3,0,2
204,718,1,1,4,0,3
582,39,1,1,3,0,2
148,0,2,0,2,0,0
148,174,2,0,0,0,0
148,517,2,1,0,0,0
148,1068,1,2,1,0,0
148,1961,1,4,0,0,0
201,0,4,0,3,0,2
201,174,2,0,3,0,0
201,517,3,0,3,1,0
201,1068,5,2,1,0,3
201,1961,3,0,3,4,0
66,0,4,0,2,0,2
66,174,2,0,2,0,0
66,208,3,0,2,0,3
66,453,2,0,2,1,5
66,517,3,0,2,1,0
148,208,1,0,3,0,0
148,453,1,0,0,1,5
976,1307,2,2,3,3,0
976,1374,3,3,3,2,3
976,1887,1,4,0,2,3
1454,200,4,3,1,0,3
1454,1307,2,3,1,3,0
1454,1374,6,3,3,3,1
1454,1887,1,3,1,4,0
605,200,5,1,3,0,3
1454,277,5,3,1,0,1
1454,2198,7,4,1,3,1
277,896,1,0,1,2,0
1454,208,1,3,1,0,3
1454,896,1,3,1,2,0
1454,1763,6,3,1,4,2
200,784,4,0,3,2,2
200,1763,8,0,3,4,2
1454,784,3,3,1,2,2
1454,651,4,3,1,1,1
1516,651,7,3,4,1,1
1516,784,4,3,4,2,2
975,277,10,0,1,2,3
975,784,4,2,3,2,2
1454,495,1,3,1,1,5
1411,861,3,3,3,2,5
1455,861,4,3,1,2,5
718,1386,3,3,3,1,4
1411,1386,2,3,3,3,3
1516,1455,7,3,4,3,1
1453,861,4,3,1,2,5
1411,1849,1,3,3,4,5
2199,861,5,4,1,2,5
2199,1849,1,4,1,4,5
986,1067,2,2,3,2,1
986,1652,4,4,2,2,3
986,1763,4,2,3,4,2
986,2198,4,4,1,2,3
975,141,3,2,3,0,0
975,1288,1,2,3,3,5
975,2217,5,4,1,2,3
986,141,2,2,3,0,0
986,1288,1,2,3,3,5
986,2217,2,2,3,4,1
718,1067,1,1,4,2,1
986,975,2,2,3,2,3
277,141,4,0,1,0,0
986,999,1,2,3,2,3
986,1517,1,2,3,3,4
718,216,4,1,4,0,3
2209,216,6,4,1,0,3
1453,216,3,3,1,0,3
718,986,5,2,3,1,4
975,689,1,2,3,1,1
200,535,1,0,3,1,0
718,535,1,1,4,1,0
178,194,5,0,0,0,0
178,582,19,1,3,0,0
178,986,7,2,3,0,0
178,2198,13,4,1,0,0
718,194,5,1,4,0,0
327,194,3,0,4,0,0
327,200,4,0,4,0,3
327,975,6,0,4,2,3
327,986,8,2,3,0,4
582,420,1,1,3,1,2
582,527,2,1,3,1,0
718,420,1,1,4,1,2
718,527,1,1,4,1,0
111,238,2,0,3,0,5
111,680,2,0,5,1,1
1652,238,2,4,2,0,3
111,139,5,0,5,0,0
200,139,7,0,3,0,0
111,274,1,0,5,0,1
216,139,5,0,3,0,0
216,274,1,0,3,0,1
44,651,3,1,1,0,2
44,912,3,2,0,0,2
44,1208,1,3,2,0,2
2199,912,11,4,1,2,0
277,2211,3,0,1,4,1
2049,582,4,1,3,4,3
2049,2211,2,4,3,4,1
178,1622,1,0,0,4,2
178,2050,4,4,3,0,0
178,2211,3,4,1,0,0
2049,1622,1,4,3,4,2
2049,2050,1,4,3,4,3
1652,1704,4,4,2,4,2
1652,2263,4,4,2,4,1
2049,549,2,4,3,1,0
2049,709,1,4,3,1,1
2049,1704,1,4,3,4,2
2049,2263,2,4,3,4,1
216,204,2,0,3,0,3
216,549,3,0,3,1,0
216,2263,2,0,3,4,1
1889,582,7,1,3,4,0
1889,1214,8,3,2,4,0
1889,1324,9,3,0,4,0
1889,1516,6,3,4,4,0
594,346,9,1,3,0,4
594,1324,10,3,0,1,3
1889,346,8,0,4,4,0
1889,1771,1,4,5,4,0
1889,1652,3,4,2,4,0
1889,1651,1,4,0,4,2
1889,2333,1,4,4,4,0
2199,346,9,4,1,0,4
2199,1651,1,4,1,4,2
1889,1411,3,3,3,4,0
1889,199,1,4,0,0,3
1069,861,1,2,1,2,5
1069,999,1,2,1,2,3
1069,1131,1,2,1,2,4
1068,346,7,2,1,0,4
1068,582,10,1,3,2,1
1068,912,8,2,1,2,0
1068,2198,8,4,1,2,1
1068,141,2,2,1,0,0
1068,327,7,2,1,0,4
1068,1763,8,2,1,4,2
656,582,14,1,3,1,1
656,1763,6,1,1,4,2
178,327,8,0,4,0,0
178,2048,1,0,0,4,3
1068,2048,1,2,1,4,3
130,1763,7,0,0,4,2
1068,1961,3,2,1,4,0
2198,1961,5,4,1,4,0
327,204,2,0,4,0,3
327,899,1,0,4,2,0
327,944,1,0,4,2,0
1068,204,1,2,1,0,3
1068,899,1,2,1,2,0
1068,944,1,2,1,2,0
582,1107,1,1,3,2,1
1068,1107,1,2,1,2,1
151,201,3,0,3,0,0
151,582,6,1,3,0,0
975,201,7,0,3,2,3
151,695,2,1,1,0,0
594,201,8,1,3,0,3
594,695,2,1,3,1,1
151,121,3,0,0,0,5
327,121,2,0,4,0,5
151,131,1,0,0,0,0
216,121,2,0,3,0,5
216,131,1,0,3,0,0
151,54,2,0,2,0,0
201,54,3,0,3,0,2
201,121,1,0,3,0,5
201,594,4,1,3,0,3
178,54,2,0,2,0,0
178,1068,10,2,1,0,0
151,1298,1,3,0,0,0
151,2085,1,4,3,0,0
582,695,2,1,3,1,1
2199,2205,1,4,1,4,1
2201,1299,2,3,0,4,1
2201,2198,5,4,1,4,1
2201,2205,1,4,1,4,1
2201,2209,5,4,1,4,1
651,1270,6,3,5,1,1
2201,1270,4,3,5,4,1
2201,1719,3,4,1,4,2
1516,1116,3,3,4,2,1
2201,784,1,4,1,2,2
2201,1116,1,4,1,2,1
582,144,3,1,3,0,0
582,1978,1,1,3,4,0
2201,144,1,4,1,0,0
2201,527,1,4,1,1,0
2201,1978,1,4,1,4,0
2201,2041,1,4,1,4,3
1516,2087,2,3,4,4,3
1808,651,4,1,1,4,5
1808,2087,1,4,5,4,3
1808,2198,2,4,1,4,5
1808,2209,4,4,1,4,5
975,2209,9,4,1,2,3
1808,1068,3,2,1,4,5
1808,2217,3,4,1,4,5
582,565,3,1,3,1,0
1808,565,1,1,0,4,5
1808,2199,1,4,1,4,5
604,625,1,1,3,1,3
1652,625,1,4,2,1,3
604,497,1,1,5,1,3
605,497,1,1,3,1,5
327,66,6,0,4,0,2
604,165,2,1,3,0,0
174,66,4,0,2,0,0
174,582,7,1,3,0,0
174,605,3,1,3,0,0
174,1374,4,3,3,0,0
604,1455,3,3,1,1,3
594,605,6,1,3,1,3
582,433,1,1,3,1,2
604,433,1,1,3,1,2
604,2060,1,4,3,1,3
2068,520,1,4,3,1,0
2068,552,1,4,3,1,0
2068,1454,3,3,1,4,3
2198,520,1,4,1,1,0
2198,1454,7,4,1,3,1
2068,139,2,4,3,0,0
2068,2380,2,4,4,4,3
2068,1808,3,4,3,4,5
2068,2067,1,4,3,4,3
2209,2380,2,4,1,4,4
2068,2217,1,4,1,4,3
1652,2049,3,4,2,4,3
2068,1704,1,4,2,4,3
174,327,3,0,4,0,0
174,1777,6,4,5,0,0
605,327,8,1,3,0,4
174,656,1,1,1,0,0
174,2228,2,4,1,0,0
585,656,2,1,1,1,3
174,201,3,0,3,0,0
174,346,4,0,4,0,0
2209,201,7,4,1,0,3
174,0,1,0,2,0,0
1961,66,4,0,2,4,0
1961,346,5,4,0,0,4
1961,1777,5,4,5,4,0
688,201,4,1,1,0,3
688,605,4,1,3,1,1
174,565,1,1,0,0,0
1464,1453,4,3,1,3,1
1464,1488,1,3,1,3,1
2065,0,4,0,2,4,3
2065,1453,4,3,1,4,3
2065,1488,1,4,3,3,1
605,2075,1,1,3,4,3
1464,1068,5,2,1,3,1
1464,2075,1,3,1,4,3
178,0,5,0,2,0,0
178,1453,5,3,1,0,0
975,1318,2,2,3,3,0
1464,1318,1,3,1,3,0
1464,1763,4,3,1,4,2
1464,2209,4,4,1,3,1
1464,1056,1,2,1,3,1
1464,1067,1,3,1,2,1
1464,1116,1,3,1,2,1
1516,0,3,3,4,0,2
1374,688,3,3,3,1,1
1374,872,1,3,3,2,5
1374,1444,1,3,3,3,3
1374,1521,1,3,3,3,4
1387,688,2,3,3,1,1
1387,872,1,3,3,2,5
1387,1444,1,3,3,3,3
1387,1521,1,3,3,3,4
688,904,1,1,1,2,0
688,1464,2,1,1,3,1
1387,904,1,3,3,2,0
1387,1208,2,3,3,3,2
1387,346,1,3,3,0,4
216,1451,1,0,3,3,1
2209,1451,1,4,1,3,1
200,201,9,0,3,0,3
1777,0,4,4,5,0,2
1777,912,5,4,5,2,0
2065,1454,1,3,1,4,3
1516,2147,2,3,4,4,3
2065,2147,1,4,3,4,3
605,1084,1,1,3,2,1
2065,1084,1,4,3,2,1
1961,2316,1,4,0,4,1
2199,2316,1,4,1,4,1
1961,2201,1,4,1,4,0
1961,1270,2,3,5,4,0
1652,1270,4,4,2,3,5
1652,2125,2,4,2,4,3
1652,2390,1,4,2,4,4
1961,2125,1,4,0,4,3
1961,2126,1,4,0,4,3
1961,2390,1,4,0,4,4
1374,1069,4,3,3,2,1
1777,1069,3,4,5,2,1
1374,204,1,3,3,0,3
1455,204,1,3,1,0,3
1455,605,4,1,3,3,1
594,505,1,1,3,1,0
1374,505,1,3,3,1,0
1374,1531,1,3,3,3,4
2209,1531,1,4,1,3,4
277,1069,6,2,1,0,1
277,107,2,0,1,0,5
1374,107,1,3,3,0,5
656,594,4,1,3,1,1
656,549,2,1,1,1,0
656,2207,3,1,1,4,1
656,2263,2,1,1,4,1
1652,2207,2,4,2,4,1
651,2263,2,1,1,4,1
594,512,1,1,3,1,0
656,512,1,1,1,1,0
656,784,2,1,1,2,2
66,219,2,0,2,0,3
66,494,1,0,2,1,5
66,582,6,1,3,0,2
656,219,1,1,1,0,3
656,453,1,1,1,1,5
656,494,2,1,5,1,1
656,2206,1,1,1,4,1
2209,2206,1,4,1,4,1
582,494,1,1,3,1,5
1455,1359,2,3,1,3,0
2198,1359,3,4,1,3,0
1455,1056,2,3,1,2,1
688,718,3,1,4,1,1
1455,718,3,1,4,3,1
585,1359,2,1,3,3,0
178,1239,1,0,0,3,5
1455,1239,1,3,1,3,5
1453,1728,1,3,1,4,2
1455,1728,1,3,1,4,2
582,1124,1,1,3,2,4
1455,1124,1,3,1,2,4
585,427,1,1,3,1,2
605,427,1,1,3,1,2
327,272,2,0,4,0,1
327,1464,1,0,4,3,1
605,272,1,1,3,0,1
605,1464,3,1,3,3,1
605,1341,3,1,3,3,0
975,1341,3,2,3,3,0
976,1387,2,3,3,2,3
976,1453,1,3,1,2,3
976,1459,1,2,3,3,1
1516,1459,2,3,4,3,1
975,1069,3,2,1,2,3
976,300,3,0,1,2,3
976,1069,2,2,1,2,3
277,300,4,0,1,0,1
582,280,1,1,3,0,1
976,280,1,2,3,0,1
976,1517,1,2,3,3,4
178,585,4,1,3,0,0
2209,585,5,4,1,1,3
178,2126,1,4,3,0,0
178,1494,1,3,1,0,0
585,194,4,0,0,1,3
66,54,2,0,2,0,2
178,1979,1,4,0,0,0
2198,2211,2,4,1,4,1
178,300,4,0,1,0,0
178,148,1,0,0,0,0
200,148,1,0,3,0,0
200,585,5,1,3,0,3
130,44,2,0,0,0,2
130,696,1,0,0,1,1
201,44,2,0,3,0,2
201,216,3,0,3,0,3
201,233,2,0,3,0,3
201,696,1,0,3,1,1
130,107,1,0,0,0,5
130,525,2,0,0,1,0
277,525,2,0,1,1,0
130,144,2,0,0,0,0
582,525,2,1,3,1,0
200,44,2,0,3,0,2
200,144,2,0,3,0,0
200,233,2,0,3,0,3
66,272,1,0,2,0,1
1777,272,2,4,5,0,1
66,924,1,0,2,2,0
200,43,1,0,3,0,2
200,924,1,0,3,2,0
66,56,2,0,2,0,2
66,518,1,0,2,1,0
2209,56,1,4,1,0,2
2209,518,2,4,1,1,0
66,162,1,0,2,0,0
66,1882,1,0,2,4,0
277,162,1,0,1,0,0
277,1882,2,0,1,4,0
201,56,1,0,3,0,2
201,219,1,0,3,0,3
0,66,2,0,2,0,2
0,84,1,0,5,0,2
0,986,2,2,3,0,2
0,1763,2,0,2,4,2
327,84,2,0,4,0,5
0,277,1,0,1,0,2
0,565,1,1,0,0,2
0,999,1,0,2,2,3
0,1652,1,4,2,0,2
688,1270,3,3,5,1,1
688,2147,1,1,1,4,3
200,691,1,0,3,1,1
688,691,1,1,1,1,1
594,197,1,1,3,0,0
688,197,1,1,1,0,0
688,518,1,1,1,1,0
688,626,1,1,1,1,3
688,709,1,1,1,1,1
1652,626,1,4,2,1,3
651,553,7,1,1,1,0
2198,553,6,4,1,1,0
2198,680,4,4,1,1,1
651,2208,1,1,1,4,1
975,1704,2,4,2,2,3
975,2208,1,2,3,4,1
1652,553,4,4,2,1,0
651,826,3,1,1,2,2
2199,826,5,4,1,2,2
277,646,1,0,1,1,3
277,653,3,0,1,1,1
651,646,1,1,1,1,3
651,653,3,1,1,1,1
2199,553,6,4,1,1,0
327,1116,1,0,4,2,1
327,2027,1,0,4,4,0
1516,2027,1,3,4,4,0
201,1464,1,3,1,0,3
1887,0,1,4,0,0,2
1887,1068,3,2,1,4,0
1887,1464,1,4,0,3,1
1887,1961,3,4,0,4,0
201,690,2,0,3,1,1
1777,690,2,4,5,1,1
200,99,1,0,3,0,5
201,99,1,0,3,0,5
201,139,3,0,3,0,0
201,688,1,1,1,0,3
201,141,1,0,3,0,0
277,690,2,0,1,1,1
1516,970,1,3,4,2,3
1887,1411,2,4,0,3,3
1887,1801,1,4,0,4,5
2198,1801,2,4,1,4,5
1887,2041,1,4,0,4,3
1777,2065,3,4,5,4,3
2199,1889,1,4,1,4,0
2199,2065,3,4,1,4,3
1652,1516,3,4,2,3,4
1652,2065,3,4,2,4,3
971,826,1,2,2,2,3
971,912,2,2,0,2,3
971,1299,2,3,0,2,3
971,1893,2,2,3,4,0
971,2050,2,4,3,2,3
2199,1893,2,4,1,4,0
2199,2196,2,4,1,4,1
2198,2072,1,4,1,4,3
2199,1649,1,4,1,4,2
2199,2072,1,4,1,4,3
1516,1893,2,3,4,4,0
1516,2196,2,3,4,4,1
2199,1459,1,4,1,3,1
582,2065,3,1,3,4,3
582,2077,1,1,3,4,3
2199,2077,1,4,1,4,3
594,517,1,1,3,1,0
585,668,1,1,3,1,1
585,1318,1,1,3,3,0
594,668,1,1,3,1,1
594,1318,2,1,3,3,0
594,292,3,1,3,0,1
975,292,3,2,3,0,1
200,117,1,0,3,0,5
200,292,3,0,3,0,1
594,117,1,1,3,0,5
585,2258,1,1,3,4,1
1516,2258,1,3,4,4,1
585,1961,2,1,3,4,0
585,2125,1,1,3,4,3
585,463,1,1,5,1,3
585,510,1,1,0,1,3
200,1704,2,4,2,0,3
200,2299,2,0,3,4,1
1516,2299,2,3,4,4,1
200,1517,1,0,3,3,4
582,2299,2,1,3,4,1
1777,1359,1,4,5,3,0
1777,2199,4,4,5,4,1
1777,2259,1,4,5,4,1
2198,2259,1,4,1,4,1
2198,567,1,4,1,1,0
1652,1271,1,4,2,3,5
2209,1271,1,4,1,3,5
971,999,1,2,3,2,3
971,1411,1,3,3,2,3
971,1067,1,2,1,2,3
971,1380,1,2,3,3,3
971,2087,1,2,3,4,3
1516,1380,1,3,4,3,3
2209,604,1,4,1,1,3
277,976,1,0,1,2,3
975,435,1,2,3,1,2
975,1131,1,2,4,2,3
2209,1801,1,4,1,4,5
2198,641,1,4,1,1,3
582,1416,1,1,3,3,3
1516,1201,1,3,4,3,2
1516,1416,1,3,4,3,3
2209,711,1,4,1,1,4
2209,1505,1,3,1,4,1
